alluxio.debug	77
alluxio.fuse.cached.paths.max	69
alluxio.fuse.debug.enabled	77
alluxio.fuse.fs.name	52
alluxio.fuse.jnifuse.enabled	6
alluxio.fuse.logging.threshold	9
alluxio.fuse.shared.caching.reader.enabled	6
alluxio.fuse.user.group.translation.enabled	8
alluxio.home	220
alluxio.job.master.bind.host	3
alluxio.job.master.client.threads	8
alluxio.job.master.embedded.journal.addresses	9
alluxio.job.master.embedded.journal.port	9
alluxio.job.master.finished.job.purge.count	3
alluxio.job.master.finished.job.retention.time	5
alluxio.job.master.hostname	6
alluxio.job.master.job.capacity	9
alluxio.job.master.lost.worker.interval	4
alluxio.job.master.rpc.addresses	9
alluxio.job.master.rpc.port	6
alluxio.job.master.web.bind.host	3
alluxio.job.master.web.hostname	5
alluxio.job.master.web.port	4
alluxio.job.master.worker.heartbeat.interval	4
alluxio.job.master.worker.timeout	4
alluxio.job.worker.bind.host	4
alluxio.job.worker.data.port	4
alluxio.job.worker.hostname	4
alluxio.job.worker.rpc.port	6
alluxio.job.worker.threadpool.size	73
alluxio.job.worker.throttling	3
alluxio.job.worker.web.bind.host	4
alluxio.job.worker.web.port	4
alluxio.jvm.monitor.info.threshold	10
alluxio.jvm.monitor.sleep.interval	7
alluxio.jvm.monitor.warn.threshold	9
alluxio.locality.compare.node.ip	5
alluxio.metrics.conf.file	92
alluxio.network.connection.auth.timeout	3
alluxio.network.connection.health.check.timeout	3
alluxio.network.connection.server.shutdown.timeout	3
alluxio.network.connection.shutdown.graceful.timeout	5
alluxio.network.connection.shutdown.timeout	4
alluxio.network.host.resolution.timeout	4
alluxio.network.ip.address.used	4
alluxio.proxy.s3.deletetype	4
alluxio.proxy.s3.writetype	5
alluxio.proxy.stream.cache.timeout	5
alluxio.proxy.web.bind.host	4
alluxio.proxy.web.hostname	7
alluxio.proxy.web.port	7
alluxio.secondary.master.metastore.dir	4
alluxio.site.conf.dir	6
alluxio.table.catalog.path	7
alluxio.table.catalog.udb.sync.timeout	3
alluxio.table.enabled	9
alluxio.table.journal.partitions.chunk.size	4
alluxio.table.transform.manager.job.history.retention.time	4
alluxio.table.transform.manager.job.monitor.interval	6
alluxio.test.deprecated.key	3
alluxio.tmp.dirs	3
alluxio.underfs.allow.set.owner.failure	6
alluxio.underfs.cleanup.enabled	7
alluxio.underfs.cleanup.interval	6
alluxio.underfs.eventual.consistency.retry.base.sleep	3
alluxio.underfs.eventual.consistency.retry.max.num	5
alluxio.underfs.eventual.consistency.retry.max.sleep	3
alluxio.underfs.gcs.default.mode	3
alluxio.underfs.gcs.directory.suffix	6
alluxio.underfs.gcs.owner.id.to.username.mapping	10
alluxio.underfs.gcs.version	8
alluxio.underfs.hdfs.configuration	307
alluxio.underfs.hdfs.impl	5
alluxio.underfs.hdfs.prefixes	5
alluxio.underfs.hdfs.remote	6
alluxio.underfs.listing.length	5
alluxio.underfs.object.store.breadcrumbs.enabled	3
alluxio.underfs.object.store.mount.shared.publicly	81
alluxio.underfs.object.store.multi.range.chunk.size	3
alluxio.underfs.object.store.service.threads	6
alluxio.underfs.oss.connection.max	7
alluxio.underfs.oss.connection.timeout	5
alluxio.underfs.oss.connection.ttl	5
alluxio.underfs.oss.socket.timeout	5
alluxio.underfs.s3.admin.threads.max	8
alluxio.underfs.s3.connection.ttl	3
alluxio.underfs.s3.default.mode	8
alluxio.underfs.s3.directory.suffix	3
alluxio.underfs.s3.disable.dns.buckets	189
alluxio.underfs.s3.endpoint	549
alluxio.underfs.s3.inherit.acl	122
alluxio.underfs.s3.intermediate.upload.clean.age	7
alluxio.underfs.s3.list.objects.v1	6
alluxio.underfs.s3.max.error.retry	3
alluxio.underfs.s3.owner.id.to.username.mapping	10
alluxio.underfs.s3.proxy.host	10
alluxio.underfs.s3.proxy.port	10
alluxio.underfs.s3.request.timeout	8
alluxio.underfs.s3.secure.http.enabled	4
alluxio.underfs.s3.server.side.encryption.enabled	9
alluxio.underfs.s3.signer.algorithm	9
alluxio.underfs.s3.socket.timeout	7
alluxio.underfs.s3.streaming.upload.enabled	9
alluxio.underfs.s3.streaming.upload.partition.size	8
alluxio.underfs.s3.threads.max	10
alluxio.underfs.s3.upload.threads.max	10
alluxio.underfs.web.connnection.timeout	7
alluxio.underfs.web.header.last.modified	8
alluxio.underfs.web.parent.names	6
alluxio.underfs.web.titles	6
alluxio.web.cors.enabled	6
alluxio.web.file.info.enabled	6
alluxio.web.refresh.interval	4
alluxio.web.threads	6
alluxio.web.ui.enabled	5
alluxio.work.dir	94
alluxio.zookeeper.address	132
alluxio.zookeeper.auth.enabled	4
alluxio.zookeeper.connection.timeout	5
alluxio.zookeeper.election.path	6
alluxio.zookeeper.enabled	190
alluxio.zookeeper.job.election.path	6
alluxio.zookeeper.job.leader.path	6
alluxio.zookeeper.leader.connection.error.policy	9
alluxio.zookeeper.leader.inquiry.retry	5
alluxio.zookeeper.leader.path	7
alluxio.zookeeper.session.timeout	107
fs.azure.account.oauth2.client.endpoint	1100
fs.azure.account.oauth2.client.id	1330
fs.azure.account.oauth2.client.secret	1550
fs.cos.access.key	8
fs.cos.app.id	8
fs.cos.connection.max	4
fs.cos.connection.timeout	4
fs.cos.region	7
fs.cos.secret.key	9
fs.cos.socket.timeout	3
fs.gcs.accessKeyId	10
fs.gcs.credential.path	4
fs.gcs.secretAccessKey	178
fs.oss.accessKeyId	986
fs.oss.accessKeySecret	1500
fs.oss.endpoint	1820
alluxio.master.audit.logging.enabled	167
alluxio.master.audit.logging.queue.capacity	6
alluxio.master.backup.abandon.timeout	6
alluxio.master.backup.connect.interval.max	6
alluxio.master.backup.connect.interval.min	6
alluxio.master.backup.delegation.enabled	6
alluxio.master.backup.directory	86
alluxio.master.backup.entry.buffer.count	4
alluxio.master.backup.heartbeat.interval	5
alluxio.master.backup.state.lock.exclusive.duration	3
alluxio.master.backup.state.lock.forced.duration	6
alluxio.master.backup.state.lock.interrupt.cycle.enabled	6
alluxio.master.backup.state.lock.interrupt.cycle.interval	5
alluxio.master.backup.suspend.timeout	3
alluxio.master.backup.transport.timeout	6
alluxio.master.bind.host	8
alluxio.master.daily.backup.enabled	9
alluxio.master.daily.backup.files.retained	7
alluxio.master.daily.backup.state.lock.grace.mode	5
alluxio.master.daily.backup.state.lock.sleep.duration	5
alluxio.master.daily.backup.state.lock.timeout	3
alluxio.master.daily.backup.state.lock.try.duration	3
alluxio.master.daily.backup.time	7
alluxio.master.embedded.journal.addresses	181
alluxio.master.embedded.journal.catchup.retry.wait	5
alluxio.master.embedded.journal.entry.size.max	5
alluxio.master.embedded.journal.flush.size.max	5
alluxio.master.embedded.journal.port	10
alluxio.master.embedded.journal.retry.cache.expiry.time	4
alluxio.master.embedded.journal.snapshot.replication.chunk.size	5
alluxio.master.embedded.journal.transport.max.inbound.message.size	7
alluxio.master.embedded.journal.transport.request.timeout.ms	7
alluxio.master.embedded.journal.write.timeout	5
alluxio.master.file.access.time.journal.flush.interval	3
alluxio.master.file.access.time.update.precision	4
alluxio.master.file.access.time.updater.shutdown.timeout	4
alluxio.master.filesystem.liststatus.result.message.length	4
alluxio.master.format.file.prefix	6
alluxio.master.heartbeat.timeout	5
alluxio.master.hostname	1640
alluxio.master.journal.catchup.protect.enabled	4
alluxio.master.journal.checkpoint.period.entries	53
alluxio.master.journal.flush.batch.time	43
alluxio.master.journal.flush.timeout	37
alluxio.master.journal.folder	277
alluxio.master.journal.gc.period	5
alluxio.master.journal.gc.threshold	5
alluxio.master.journal.init.from.backup	5
alluxio.master.journal.log.size.bytes.max	8
alluxio.master.journal.retry.interval	5
alluxio.master.journal.space.monitor.interval	3
alluxio.master.journal.tailer.shutdown.quiet.wait.time	5
alluxio.master.journal.tailer.sleep.time	5
alluxio.master.journal.temporary.file.gc.threshold	5
alluxio.master.journal.type	320
alluxio.master.journal.ufs.option	9
alluxio.master.jvm.monitor.enabled	56
alluxio.master.keytab.file	83
alluxio.master.lock.pool.concurrency.level	6
alluxio.master.lock.pool.high.watermark	5
alluxio.master.lock.pool.initsize	6
alluxio.master.lock.pool.low.watermark	6
alluxio.master.log.config.report.heartbeat.interval	6
alluxio.master.lost.worker.detection.interval	3
alluxio.master.lost.worker.file.detection.interval	3
alluxio.master.metadata.sync.concurrency.level	56
alluxio.master.metadata.sync.executor.pool.size	58
alluxio.master.metadata.sync.ufs.prefetch.pool.size	67
alluxio.master.metastore	11200
alluxio.master.metastore.dir	59
alluxio.master.metastore.inode.cache.evict.batch.size	45
alluxio.master.metastore.inode.cache.high.water.mark.ratio	10
alluxio.master.metastore.inode.cache.low.water.mark.ratio	48
alluxio.master.metastore.inode.cache.max.size	51
alluxio.master.metastore.inode.enumerator.buffer.count	5
alluxio.master.metastore.inode.inherit.owner.and.group	7
alluxio.master.metastore.inode.iteration.crawler.count	5
alluxio.master.metastore.iterator.readahead.size	5
alluxio.master.metrics.service.threads	6
alluxio.master.metrics.time.series.interval	9
alluxio.master.mount.table.root.alluxio	5
alluxio.master.mount.table.root.option	357
alluxio.master.mount.table.root.readonly	6
alluxio.master.mount.table.root.shared	6
alluxio.master.mount.table.root.ufs	745
alluxio.master.network.max.inbound.message.size	4
alluxio.master.periodic.block.integrity.check.interval	5
alluxio.master.periodic.block.integrity.check.repair	5
alluxio.master.persistence.blacklist	61
alluxio.master.persistence.checker.interval	4
alluxio.master.persistence.initial.interval	4
alluxio.master.persistence.max.interval	5
alluxio.master.persistence.max.total.wait.time	4
alluxio.master.persistence.scheduler.interval	5
alluxio.master.principal	336
alluxio.master.replication.check.interval	6
alluxio.master.rpc.addresses	267
alluxio.master.rpc.executor.core.pool.size	8
alluxio.master.rpc.executor.keepalive	5
alluxio.master.rpc.executor.max.pool.size	66
alluxio.master.rpc.port	196
alluxio.master.shell.backup.state.lock.grace.mode	3
alluxio.master.shell.backup.state.lock.sleep.duration	3
alluxio.master.shell.backup.state.lock.timeout	5
alluxio.master.shell.backup.state.lock.try.duration	3
alluxio.master.standby.heartbeat.interval	5
alluxio.master.startup.block.integrity.check.enabled	6
alluxio.master.tieredstore.global.level0.alias	7
alluxio.master.tieredstore.global.level1.alias	6
alluxio.master.tieredstore.global.level2.alias	6
alluxio.master.tieredstore.global.levels	6
alluxio.master.tieredstore.global.mediumtype	10
alluxio.master.ttl.checker.interval	65
alluxio.master.ufs.active.sync.event.rate.interval	4
alluxio.master.ufs.active.sync.interval	10
alluxio.master.ufs.active.sync.max.activities	9
alluxio.master.ufs.active.sync.max.age	9
alluxio.master.ufs.active.sync.poll.batch.size	4
alluxio.master.ufs.active.sync.poll.timeout	5
alluxio.master.ufs.active.sync.retry.timeout	4
alluxio.master.ufs.active.sync.thread.pool.size	4
alluxio.master.ufs.block.location.cache.capacity	10
alluxio.master.ufs.journal.max.catchup.time	3
alluxio.master.ufs.path.cache.capacity	129
alluxio.master.ufs.path.cache.threads	9
alluxio.master.unsafe.direct.persist.object.enabled	6
alluxio.master.update.check.enabled	4
alluxio.master.update.check.interval	4
alluxio.master.web.bind.host	10
alluxio.master.web.hostname	10
alluxio.master.web.port	146
alluxio.master.whitelist	7
alluxio.master.worker.connect.wait.time	4
alluxio.master.worker.info.cache.refresh.time	5
alluxio.master.worker.timeout	67
alluxio.worker.allocator.class	88
alluxio.worker.bind.host	10
alluxio.worker.block.annotator.class	81
alluxio.worker.block.annotator.lrfu.attenuation.factor	8
alluxio.worker.block.annotator.lrfu.step.factor	8
alluxio.worker.block.heartbeat.interval	137
alluxio.worker.block.heartbeat.timeout	44
alluxio.worker.block.master.client.pool.size	7
alluxio.worker.container.hostname	3
alluxio.worker.data.folder	47
alluxio.worker.data.folder.permissions	5
alluxio.worker.data.folder.tmp	4
alluxio.worker.data.server.class	3
alluxio.worker.data.server.domain.socket.address	123
alluxio.worker.data.server.domain.socket.as.uuid	91
alluxio.worker.data.tmp.subdir.max	4
alluxio.worker.evictor.class	101
alluxio.worker.file.buffer.size	65
alluxio.worker.free.space.timeout	3
alluxio.worker.hostname	346
alluxio.worker.jvm.monitor.enabled	54
alluxio.worker.keytab.file	84
alluxio.worker.management.backoff.strategy	8
alluxio.worker.management.block.transfer.concurrency.limit	6
alluxio.worker.management.load.detection.cool.down.time	7
alluxio.worker.management.task.thread.count	8
alluxio.worker.management.tier.align.enabled	8
alluxio.worker.management.tier.align.range	7
alluxio.worker.management.tier.align.reserved.bytes	8
alluxio.worker.management.tier.promote.enabled	9
alluxio.worker.management.tier.promote.quota.percent	9
alluxio.worker.management.tier.promote.range	7
alluxio.worker.management.tier.swap.restore.enabled	7
alluxio.worker.master.connect.retry.timeout	4
alluxio.worker.master.periodical.rpc.timeout	2
alluxio.worker.network.async.cache.manager.queue.max	9
alluxio.worker.network.async.cache.manager.threads.max	183
alluxio.worker.network.block.reader.threads.max	7
alluxio.worker.network.block.writer.threads.max	8
alluxio.worker.network.flowcontrol.window	4
alluxio.worker.network.keepalive.time	8
alluxio.worker.network.keepalive.timeout	7
alluxio.worker.network.max.inbound.message.size	5
alluxio.worker.network.netty.boss.threads	5
alluxio.worker.network.netty.channel	4
alluxio.worker.network.netty.shutdown.quiet.period	5
alluxio.worker.network.netty.watermark.high	5
alluxio.worker.network.netty.watermark.low	5
alluxio.worker.network.netty.worker.threads	5
alluxio.worker.network.reader.buffer.size	107
alluxio.worker.network.reader.max.chunk.size.bytes	4
alluxio.worker.network.shutdown.timeout	3
alluxio.worker.network.writer.buffer.size.messages	5
alluxio.worker.network.zerocopy.enabled	3
alluxio.worker.principal	62
alluxio.worker.ramdisk.size	173
alluxio.worker.remote.io.slow.threshold	4
alluxio.worker.reviewer.class	4
alluxio.worker.reviewer.probabilistic.hardlimit.bytes	6
alluxio.worker.reviewer.probabilistic.softlimit.bytes	6
alluxio.worker.rpc.port	10
alluxio.worker.session.timeout	6
alluxio.worker.storage.checker.enabled	3
alluxio.worker.tieredstore.block.lock.readers	5
alluxio.worker.tieredstore.block.locks	5
alluxio.worker.tieredstore.free.ahead.bytes	8
alluxio.worker.tieredstore.level0.alias	217
alluxio.worker.tieredstore.level0.dirs.mediumtype	76
alluxio.worker.tieredstore.level0.dirs.path	462
alluxio.worker.tieredstore.level0.dirs.quota	257
alluxio.worker.tieredstore.level0.watermark.high.ratio	104
alluxio.worker.tieredstore.level0.watermark.low.ratio	192
alluxio.worker.tieredstore.level1.alias	203
alluxio.worker.tieredstore.level1.dirs.mediumtype	8
alluxio.worker.tieredstore.level1.dirs.path	86
alluxio.worker.tieredstore.level1.dirs.quota	122
alluxio.worker.tieredstore.level1.watermark.high.ratio	55
alluxio.worker.tieredstore.level1.watermark.low.ratio	89
alluxio.worker.tieredstore.level2.alias	5
alluxio.worker.tieredstore.level2.dirs.mediumtype	3
alluxio.worker.tieredstore.level2.dirs.path	4
alluxio.worker.tieredstore.level2.dirs.quota	7
alluxio.worker.tieredstore.level2.watermark.high.ratio	3
alluxio.worker.tieredstore.level2.watermark.low.ratio	3
alluxio.worker.tieredstore.levels	393
alluxio.worker.ufs.block.open.timeout	4
alluxio.worker.ufs.instream.cache.enabled	8
alluxio.worker.ufs.instream.cache.expiration.time	5
alluxio.worker.ufs.instream.cache.max.size	38
alluxio.worker.web.bind.host	4
alluxio.worker.web.hostname	5
alluxio.worker.web.port	76
alluxio.user.app.id	175
alluxio.user.block.avoid.eviction.policy.reserved.size.bytes	173
alluxio.user.block.master.client.pool.gc.interval	4
alluxio.user.block.master.client.pool.gc.threshold	5
alluxio.user.block.master.client.pool.size.max	9
alluxio.user.block.master.client.pool.size.min	5
alluxio.user.block.read.retry.max.duration	5
alluxio.user.block.read.retry.sleep.base	5
alluxio.user.block.read.retry.sleep.max	5
alluxio.user.block.size.bytes.default	264
alluxio.user.block.worker.client.pool.gc.threshold	4
alluxio.user.block.worker.client.pool.max	4
alluxio.user.block.write.location.policy.class	129
alluxio.user.client.cache.async.restore.enabled	5
alluxio.user.client.cache.async.write.enabled	6
alluxio.user.client.cache.async.write.threads	6
alluxio.user.client.cache.enabled	6
alluxio.user.client.cache.eviction.retries	3
alluxio.user.client.cache.evictor.class	5
alluxio.user.client.cache.evictor.lfu.logbase	4
alluxio.user.client.cache.local.store.file.buckets	5
alluxio.user.client.cache.page.size	7
alluxio.user.client.cache.quota.enabled	5
alluxio.user.client.cache.size	10
alluxio.user.client.cache.store.type	8
alluxio.user.client.cache.timeout.duration	3
alluxio.user.client.cache.timeout.threads	3
alluxio.user.conf.cluster.default.enabled	7
alluxio.user.conf.sync.interval	7
alluxio.user.date.format.pattern	7
alluxio.user.file.buffer.bytes	7
alluxio.user.file.copyfromlocal.block.location.policy.class	5
alluxio.user.file.create.ttl	8
alluxio.user.file.create.ttl.action	8
alluxio.user.file.delete.unchecked	8
alluxio.user.file.master.client.pool.gc.interval	6
alluxio.user.file.master.client.pool.gc.threshold	4
alluxio.user.file.master.client.pool.size.max	9
alluxio.user.file.master.client.pool.size.min	4
alluxio.user.file.metadata.load.type	204
alluxio.user.file.metadata.sync.interval	174
alluxio.user.file.passive.cache.enabled	481
alluxio.user.file.persist.on.rename	82
alluxio.user.file.persistence.initial.wait.time	7
alluxio.user.file.readtype.default	372
alluxio.user.file.replication.durable	108
alluxio.user.file.replication.max	138
alluxio.user.file.replication.min	64
alluxio.user.file.reserved.bytes	4
alluxio.user.file.sequential.pread.threshold	5
alluxio.user.file.target.media	3
alluxio.user.file.ufs.tier.enabled	5
alluxio.user.file.waitcompleted.poll	7
alluxio.user.file.write.tier.default	126
alluxio.user.file.writetype.default	775
alluxio.user.hostname	193
alluxio.user.local.reader.chunk.size.bytes	106
alluxio.user.local.writer.chunk.size.bytes	7
alluxio.user.logging.threshold	5
alluxio.user.master.polling.timeout	3
alluxio.user.metadata.cache.expiration.time	441
alluxio.user.metadata.cache.max.size	270
alluxio.user.metrics.collection.enabled	239
alluxio.user.metrics.heartbeat.interval	9
alluxio.user.network.data.timeout	7
alluxio.user.network.flowcontrol.window	5
alluxio.user.network.keepalive.time	8
alluxio.user.network.keepalive.timeout	8
alluxio.user.network.max.inbound.message.size	6
alluxio.user.network.netty.channel	7
alluxio.user.network.netty.worker.threads	8
alluxio.user.network.reader.buffer.size.messages	5
alluxio.user.network.reader.chunk.size.bytes	6
alluxio.user.network.rpc.flowcontrol.window	5
alluxio.user.network.rpc.keepalive.time	5
alluxio.user.network.rpc.keepalive.timeout	3
alluxio.user.network.rpc.max.connections	4
alluxio.user.network.rpc.max.inbound.message.size	5
alluxio.user.network.rpc.netty.channel	4
alluxio.user.network.rpc.netty.worker.threads	4
alluxio.user.network.streaming.flowcontrol.window	5
alluxio.user.network.streaming.keepalive.time	6
alluxio.user.network.streaming.keepalive.timeout	4
alluxio.user.network.streaming.max.connections	4
alluxio.user.network.streaming.max.inbound.message.size	5
alluxio.user.network.streaming.netty.channel	4
alluxio.user.network.streaming.netty.worker.threads	4
alluxio.user.network.writer.buffer.size.messages	7
alluxio.user.network.writer.chunk.size.bytes	5
alluxio.user.network.writer.close.timeout	7
alluxio.user.network.writer.flush.timeout	5
alluxio.user.network.zerocopy.enabled	5
alluxio.user.rpc.retry.base.sleep	10
alluxio.user.rpc.retry.max.duration	9
alluxio.user.rpc.retry.max.sleep	6
alluxio.user.short.circuit.enabled	73
alluxio.user.short.circuit.preferred	7
alluxio.user.streaming.reader.buffer.size.messages	5
alluxio.user.streaming.reader.chunk.size.bytes	67
alluxio.user.streaming.reader.close.timeout	4
alluxio.user.streaming.writer.buffer.size.messages	5
alluxio.user.streaming.writer.chunk.size.bytes	4
alluxio.user.streaming.writer.close.timeout	7
alluxio.user.streaming.writer.flush.timeout	6
alluxio.user.streaming.zerocopy.enabled	4
alluxio.user.ufs.block.location.all.fallback.enabled	7
alluxio.user.ufs.block.read.concurrency.max	6
alluxio.user.ufs.block.read.location.policy	270
alluxio.user.ufs.block.read.location.policy.deterministic.hash.shards	156
alluxio.user.worker.list.refresh.interval	300
alluxio.security.authentication.custom.provider.class	60
alluxio.security.authentication.type	263
alluxio.security.authorization.permission.enabled	243
alluxio.security.authorization.permission.supergroup	80
alluxio.security.authorization.permission.umask	104
alluxio.security.group.mapping.cache.timeout	8
alluxio.security.group.mapping.class	176
alluxio.security.login.impersonation.username	270
alluxio.security.login.username	1550
alluxio.security.stale.channel.purge.interval	6
alluxio.network.thrift.frame.size.bytes.max	4
alluxio.underfs.s3a.consistency.timeout	1
alluxio.underfs.s3a.inherit_acl	7
alluxio.underfs.s3a.request.timeout	1
