hbase.tmp.dir	8150
hbase.rootdir	27200
hbase.cluster.distributed	12500
hbase.zookeeper.quorum	26100
zookeeper.recovery.retry.maxsleeptime	206
hbase.local.dir	1150
hbase.master.port	4330
hbase.master.info.port	3990
hbase.master.info.bindAddress	1870
hbase.master.logcleaner.plugins	1050
hbase.master.logcleaner.ttl	2590
hbase.master.procedurewalcleaner.ttl	100
hbase.master.hfilecleaner.plugins	645
hbase.master.infoserver.redirect	239
hbase.master.fileSplitTimeout	248
hbase.regionserver.port	2180
hbase.regionserver.info.port	2690
hbase.regionserver.info.bindAddress	1110
hbase.regionserver.info.port.auto	1080
hbase.regionserver.handler.count	5290
hbase.ipc.server.callqueue.handler.factor	1110
hbase.ipc.server.callqueue.read.ratio	2870
hbase.ipc.server.callqueue.scan.ratio	1060
hbase.regionserver.msginterval	1170
hbase.regionserver.logroll.period	2120
hbase.regionserver.logroll.errors.tolerated	427
hbase.regionserver.hlog.reader.impl	715
hbase.regionserver.hlog.writer.impl	1150
hbase.regionserver.global.memstore.size	5130
hbase.regionserver.global.memstore.size.lower.limit	1830
hbase.systemtables.compacting.memstore.type	151
hbase.regionserver.optionalcacheflushinterval	1550
hbase.regionserver.dns.interface	1590
hbase.regionserver.dns.nameserver	1150
hbase.regionserver.region.split.policy	1190
hbase.regionserver.regionSplitLimit	1530
zookeeper.session.timeout	18800
zookeeper.znode.parent	6340
zookeeper.znode.acl.parent	519
hbase.zookeeper.dns.interface	1020
hbase.zookeeper.dns.nameserver	579
hbase.zookeeper.peerport	1260
hbase.zookeeper.leaderport	1200
hbase.zookeeper.property.initLimit	655
hbase.zookeeper.property.syncLimit	672
hbase.zookeeper.property.dataDir	7580
hbase.zookeeper.property.clientPort	12400
hbase.zookeeper.property.maxClientCnxns	1370
hbase.client.write.buffer	5410
hbase.client.pause	1080
hbase.client.pause.cqtbe	134
hbase.client.retries.number	2240
hbase.client.max.total.tasks	400
hbase.client.max.perserver.tasks	442
hbase.client.max.perregion.tasks	423
hbase.client.perserver.requests.threshold	138
hbase.client.scanner.caching	8590
hbase.client.keyvalue.maxsize	3490
hbase.server.keyvalue.maxsize	971
hbase.client.scanner.timeout.period	5290
hbase.client.localityCheck.threadPoolSize	227
hbase.bulkload.retries.number	614
hbase.master.balancer.maxRitPercent	123
hbase.balancer.period	977
hbase.normalizer.period	171
hbase.regions.slop	1230
hbase.server.thread.wakefrequency	2940
hbase.server.versionfile.writeattempts	338
hbase.hregion.memstore.flush.size	10400
hbase.hregion.percolumnfamilyflush.size.lower.bound.min	185
hbase.hregion.preclose.flush.size	853
hbase.hregion.memstore.block.multiplier	5750
hbase.hregion.memstore.mslab.enabled	2510
hbase.hregion.max.filesize	6790
hbase.hregion.majorcompaction	2870
hbase.hregion.majorcompaction.jitter	1180
hbase.hstore.compactionThreshold	1570
hbase.regionserver.compaction.enabled	276
hbase.hstore.flusher.count	1160
hbase.hstore.blockingStoreFiles	6800
hbase.hstore.blockingWaitTime	2500
hbase.hstore.compaction.min	3190
hbase.hstore.compaction.max	2160
hbase.hstore.compaction.min.size	1230
hbase.hstore.compaction.max.size	1730
hbase.hstore.compaction.ratio	722
hbase.hstore.compaction.ratio.offpeak	562
hbase.hstore.time.to.purge.deletes	361
hbase.offpeak.start.hour	994
hbase.offpeak.end.hour	877
hbase.regionserver.thread.compaction.throttle	896
hbase.regionserver.majorcompaction.pagecache.drop	241
hbase.regionserver.minorcompaction.pagecache.drop	87
hbase.hstore.compaction.kv.max	387
hbase.storescanner.parallel.seek.enable	254
hbase.storescanner.parallel.seek.threads	594
hfile.block.cache.size	15100
hfile.block.index.cacheonwrite	560
hfile.index.block.max.size	5120
hbase.bucketcache.ioengine	1290
hbase.hstore.compaction.throughput.lower.bound	484
hbase.hstore.compaction.throughput.higher.bound	526
hbase.bucketcache.size	1170
hbase.bucketcache.bucket.sizes	990
hfile.format.version	2300
hfile.block.bloom.cacheonwrite	419
io.storefile.bloom.block.size	569
hbase.rs.cacheblocksonwrite	524
hbase.rpc.timeout	3950
hbase.client.operation.timeout	1320
hbase.cells.scanned.per.heartbeat.check	669
hbase.rpc.shortoperation.timeout	255
hbase.ipc.client.tcpnodelay	566
hbase.regionserver.hostname	666
hbase.regionserver.hostname.disable.master.reversedns	140
hbase.master.keytab.file	1200
hbase.master.kerberos.principal	2190
hbase.regionserver.keytab.file	1040
hbase.regionserver.kerberos.principal	1210
hadoop.policy.file	1160
hbase.superuser	1570
hbase.auth.key.update.interval	317
hbase.auth.token.max.lifetime	496
hbase.ipc.client.fallback-to-simple-auth-allowed	666
hbase.ipc.server.fallback-to-simple-auth-allowed	144
hbase.display.keys	154
hbase.coprocessor.enabled	591
hbase.coprocessor.user.enabled	417
hbase.coprocessor.region.classes	3980
hbase.coprocessor.master.classes	3730
hbase.coprocessor.abortonerror	950
hbase.rest.port	1380
hbase.rest.readonly	932
hbase.rest.threads.max	580
hbase.rest.threads.min	434
hbase.rest.support.proxyuser	261
hbase.defaults.for.version	1450
hbase.defaults.for.version.skip	1800
hbase.table.lock.enable	533
hbase.table.max.rowsize	360
hbase.thrift.minWorkerThreads	502
hbase.thrift.maxWorkerThreads	419
hbase.thrift.maxQueuedRequests	511
hbase.regionserver.thrift.framed	868
hbase.regionserver.thrift.framed.max_frame_size_in_mb	396
hbase.regionserver.thrift.compact	1160
hbase.rootdir.perms	214
hbase.wal.dir.perms	122
hbase.data.umask.enable	490
hbase.data.umask	280
hbase.snapshot.enabled	974
hbase.snapshot.restore.take.failsafe.snapshot	312
hbase.snapshot.restore.failsafe.name	531
hbase.snapshot.working.dir	66
hbase.server.compactchecker.interval.multiplier	642
hbase.lease.recovery.timeout	328
hbase.lease.recovery.dfs.timeout	233
hbase.column.max.version	447
dfs.client.read.shortcircuit	4330
dfs.domain.socket.path	2760
hbase.dfs.client.read.shortcircuit.buffer.size	297
hbase.regionserver.checksum.verify	411
hbase.hstore.bytes.per.checksum	192
hbase.hstore.checksum.algorithm	281
hbase.client.scanner.max.result.size	510
hbase.server.scanner.max.result.size	461
hbase.status.published	170
hbase.status.publisher.class	226
hbase.status.listener.class	154
hbase.status.multicast.address.ip	275
hbase.status.multicast.address.port	300
hbase.dynamic.jars.dir	745
hbase.security.authentication	2640
hbase.rest.filter.classes	260
hbase.master.loadbalancer.class	1820
hbase.master.loadbalance.bytable	473
hbase.master.normalizer.class	191
hbase.rest.csrf.enabled	111
hbase.rest-csrf.browser-useragents-regex	96
hbase.security.exec.permission.checks	591
hbase.procedure.regionserver.classes	192
hbase.procedure.master.classes	170
hbase.coordinated.state.manager.class	216
hbase.regionserver.storefile.refresh.period	352
hbase.region.replica.replication.enabled	405
hbase.http.filter.initializers	158
hbase.security.visibility.mutations.checkauths	180
hbase.http.max.threads	144
hbase.replication.rpc.codec	395
hbase.replication.source.maxthreads	328
hbase.http.staticuser.user	142
hbase.regionserver.handler.abort.on.error.percent	218
hbase.mob.file.cache.size	339
hbase.mob.cache.evict.period	384
hbase.mob.cache.evict.remain.ratio	219
hbase.master.mob.ttl.cleaner.period	127
hbase.mob.compaction.mergeable.threshold	112
hbase.mob.delfile.max.count	185
hbase.mob.compaction.batch.size	115
hbase.mob.compaction.chore.period	173
hbase.mob.compactor.class	191
hbase.mob.compaction.threads.max	222
hbase.snapshot.master.timeout.millis	488
hbase.snapshot.region.timeout	477
hbase.rpc.rows.warning.threshold	191
hbase.master.wait.on.service.seconds	162
hbase.hregion.percolumnfamilyflush.size.lower.bound	576
hbase.master.regions.recovery.check.interval	9
hbase.regionserver.slowlog.ringbuffer.size	9
hbase.regions.recovery.store.file.ref.count	265
hbase.online.schema.update.enable	379
